{
 "k_nmos_ion": 1.046944790086701,
 "k_nmos_ilin": 1.129908659187248,
 "pmos_devphys_available": false
}